{
    "language": "en",
    "pipeline": [
        {
            "intent_tokenization_flag": false,
            "intent_split_symbol": "_",
            "token_pattern": null,
            "name": "WhitespaceTokenizer",
            "index": 0,
            "class": "rasa.nlu.tokenizers.whitespace_tokenizer.WhitespaceTokenizer"
        },
        {
            "case_sensitive": true,
            "use_lookup_tables": true,
            "use_regexes": true,
            "use_word_boundaries": true,
            "number_additional_patterns": null,
            "name": "RegexFeaturizer",
            "index": 1,
            "alias": "component_1_RegexFeaturizer",
            "file": "component_1_RegexFeaturizer",
            "class": "rasa.nlu.featurizers.sparse_featurizer.regex_featurizer.RegexFeaturizer"
        },
        {
            "features": [
                [
                    "low",
                    "title",
                    "upper"
                ],
                [
                    "BOS",
                    "EOS",
                    "low",
                    "upper",
                    "title",
                    "digit"
                ],
                [
                    "low",
                    "title",
                    "upper"
                ]
            ],
            "name": "LexicalSyntacticFeaturizer",
            "index": 2,
            "alias": "component_2_LexicalSyntacticFeaturizer",
            "file": "component_2_LexicalSyntacticFeaturizer",
            "class": "rasa.nlu.featurizers.sparse_featurizer.lexical_syntactic_featurizer.LexicalSyntacticFeaturizer"
        },
        {
            "use_shared_vocab": false,
            "analyzer": "word",
            "strip_accents": null,
            "stop_words": null,
            "min_df": 1,
            "max_df": 1.0,
            "min_ngram": 1,
            "max_ngram": 1,
            "max_features": null,
            "lowercase": true,
            "OOV_token": null,
            "OOV_words": [],
            "use_lemma": true,
            "additional_vocabulary_size": {
                "text": null,
                "response": null,
                "action_text": null
            },
            "name": "CountVectorsFeaturizer",
            "index": 3,
            "alias": "component_3_CountVectorsFeaturizer",
            "file": "component_3_CountVectorsFeaturizer.pkl",
            "class": "rasa.nlu.featurizers.sparse_featurizer.count_vectors_featurizer.CountVectorsFeaturizer"
        },
        {
            "use_shared_vocab": false,
            "analyzer": "char_wb",
            "strip_accents": null,
            "stop_words": null,
            "min_df": 1,
            "max_df": 1.0,
            "min_ngram": 1,
            "max_ngram": 4,
            "max_features": null,
            "lowercase": true,
            "OOV_token": null,
            "OOV_words": [],
            "use_lemma": true,
            "additional_vocabulary_size": {
                "text": null,
                "response": null,
                "action_text": null
            },
            "name": "CountVectorsFeaturizer",
            "index": 4,
            "alias": "component_4_CountVectorsFeaturizer",
            "file": "component_4_CountVectorsFeaturizer.pkl",
            "class": "rasa.nlu.featurizers.sparse_featurizer.count_vectors_featurizer.CountVectorsFeaturizer"
        },
        {
            "hidden_layers_sizes": {
                "text": [],
                "label": []
            },
            "share_hidden_layers": false,
            "transformer_size": 256,
            "number_of_transformer_layers": 2,
            "number_of_attention_heads": 4,
            "use_key_relative_attention": false,
            "use_value_relative_attention": false,
            "max_relative_position": null,
            "unidirectional_encoder": false,
            "batch_size": [
                64,
                256
            ],
            "batch_strategy": "balanced",
            "epochs": 100,
            "random_seed": null,
            "learning_rate": 0.001,
            "embedding_dimension": 20,
            "dense_dimension": {
                "text": 128,
                "label": 20
            },
            "concat_dimension": {
                "text": 128,
                "label": 20
            },
            "number_of_negative_examples": 20,
            "similarity_type": "inner",
            "loss_type": "cross_entropy",
            "ranking_length": 10,
            "maximum_positive_similarity": 0.8,
            "maximum_negative_similarity": -0.4,
            "use_maximum_negative_similarity": true,
            "scale_loss": false,
            "regularization_constant": 0.002,
            "negative_margin_scale": 0.8,
            "drop_rate": 0.2,
            "drop_rate_attention": 0,
            "connection_density": 0.2,
            "use_sparse_input_dropout": true,
            "use_dense_input_dropout": true,
            "evaluate_every_number_of_epochs": 20,
            "evaluate_on_number_of_examples": 0,
            "intent_classification": true,
            "entity_recognition": false,
            "use_masked_language_model": false,
            "BILOU_flag": true,
            "tensorboard_log_directory": null,
            "tensorboard_log_level": "epoch",
            "checkpoint_model": false,
            "featurizers": [],
            "split_entities_by_comma": true,
            "constrain_similarities": true,
            "model_confidence": "softmax",
            "name": "DIETClassifier",
            "index": 5,
            "file": "component_5_DIETClassifier",
            "class": "rasa.nlu.classifiers.diet_classifier.DIETClassifier"
        },
        {
            "name": "EntitySynonymMapper",
            "index": 6,
            "file": null,
            "class": "rasa.nlu.extractors.entity_synonyms.EntitySynonymMapper"
        },
        {
            "hidden_layers_sizes": {
                "text": [
                    256,
                    128
                ],
                "label": [
                    256,
                    128
                ]
            },
            "share_hidden_layers": false,
            "transformer_size": null,
            "number_of_transformer_layers": 0,
            "number_of_attention_heads": 4,
            "use_key_relative_attention": false,
            "use_value_relative_attention": false,
            "max_relative_position": null,
            "unidirectional_encoder": false,
            "batch_size": [
                64,
                256
            ],
            "batch_strategy": "balanced",
            "epochs": 100,
            "random_seed": null,
            "learning_rate": 0.001,
            "embedding_dimension": 20,
            "dense_dimension": {
                "text": 512,
                "label": 512
            },
            "concat_dimension": {
                "text": 512,
                "label": 512
            },
            "number_of_negative_examples": 20,
            "similarity_type": "inner",
            "loss_type": "cross_entropy",
            "ranking_length": 10,
            "maximum_positive_similarity": 0.8,
            "maximum_negative_similarity": -0.4,
            "use_maximum_negative_similarity": true,
            "scale_loss": true,
            "regularization_constant": 0.002,
            "connection_density": 1.0,
            "negative_margin_scale": 0.8,
            "drop_rate": 0.2,
            "drop_rate_attention": 0,
            "use_sparse_input_dropout": false,
            "use_dense_input_dropout": false,
            "evaluate_every_number_of_epochs": 20,
            "evaluate_on_number_of_examples": 0,
            "use_masked_language_model": false,
            "retrieval_intent": null,
            "use_text_as_label": false,
            "tensorboard_log_directory": null,
            "tensorboard_log_level": "epoch",
            "featurizers": [],
            "checkpoint_model": false,
            "constrain_similarities": true,
            "model_confidence": "softmax",
            "name": "ResponseSelector",
            "index": 7,
            "intent_classification": true,
            "entity_recognition": false,
            "BILOU_flag": null,
            "file": null,
            "class": "rasa.nlu.selectors.response_selector.ResponseSelector"
        },
        {
            "threshold": 0.3,
            "ambiguity_threshold": 0.1,
            "name": "FallbackClassifier",
            "index": 8,
            "class": "rasa.nlu.classifiers.fallback_classifier.FallbackClassifier"
        }
    ],
    "trained_at": "20240128-101756",
    "rasa_version": "2.8.0"
}